<?xml version="1.0" encoding="UTF-8"?>
<project-private xmlns="http://www.netbeans.org/ns/project-private/1">
    <editor-bookmarks xmlns="http://www.netbeans.org/ns/editor-bookmarks/2" lastBookmarkId="0"/>
    <open-files xmlns="http://www.netbeans.org/ns/projectui-open-files/2">
        <group>
            <file>file:/Users/maribelcrespivalero/Desktop/Algoritmia/Activitat%201/PRAC1%20ALGORITMIA/src/prac/Alumno.java</file>
            <file>file:/Users/maribelcrespivalero/Desktop/Algoritmia/Activitat%201/PRAC1%20ALGORITMIA/src/prac/AsignaturaOptativa.java</file>
        </group>
    </open-files>
</project-private>
